[
    {
        "name": {
            "first": "Person5",
            "last": "Surname5",
            "middle": "C",
            "preferred": "Ally"
        },
        "profilePicture": "alice_baker.jpg",
        "address": {
            "building": "789",
            "street": "Pine Street",
            "city": "Lakewood",
            "state": "TX",
            "zip": "75984"
        },
        "phoneNumbers": {
            "cell": "555-456-7805",
            "work": "555-654-3205"
        },
        "email": "alice.baker@example.com",
        "personalInfo": {
            "ssn": "987-65-4305",
            "dob": "1995-05-25",
            "gender": "female"
        },
        "residencyStatus": {
            "isPermanentResidentOrCitizen": true,
            "status": "Citizen"
        },
        "workAuthorization": null,
        "applicationStatus": {
            "OPTReceipt": {
                "status": "approved",
                "message": "Your OPT Receipt has been approved"
            },
            "OPTEAD": {
                "status": "approved",
                "message": "Your OPT EAD is in place"
            },
            "I20": {
                "status": "approved",
                "message": "Your I-20 has been verified"
            },
            "I983": {
                "documents": {
                    "emptyTemplate": "i983_empty_template.pdf",
                    "sampleTemplate": "i983_sample_template.pdf"
                },
                "status": "completed",
                "message": "Your I-983 has been approved and filed",
                "uploadButton": "Upload additional documents here"
            }
        },
        "inProgress": "no",
        "nextStep": "No further action required",
        "reference": {
            "name": {
                "first": "RefPerson5",
                "last": "RefSurname5",
                "middle": "E"
            },
            "phone": "555-123-4505",
            "email": "refperson5.refsurname5@example.com",
            "relationship": "Previous supervisor"
        },
        "emergencyContacts": [
            {
                "name": {
                    "first": "EmerPerson5",
                    "last": "EmerSurname5",
                    "middle": "F"
                },
                "phone": "555-987-6505",
                "email": "emerp5.s5@example.com",
                "relationship": "Mother"
            }
        ]
    },
    {
        "name": {
            "first": "Person5",
            "last": "Surname5",
            "middle": "C",
            "preferred": "Ally"
        },
        "profilePicture": "alice_baker.jpg",
        "address": {
            "building": "789",
            "street": "Pine Street",
            "city": "Lakewood",
            "state": "TX",
            "zip": "75984"
        },
        "phoneNumbers": {
            "cell": "555-456-7805",
            "work": "555-654-3205"
        },
        "email": "person2.surname2@example.com",
        "personalInfo": {
            "ssn": "987-65-4305",
            "dob": "1995-05-25",
            "gender": "female"
        },
        "residencyStatus": {
            "isPermanentResidentOrCitizen": true,
            "status": "Citizen"
        },
        "workAuthorization": null,
        "applicationStatus": {
            "OPTReceipt": {
                "status": "approved",
                "message": "Your OPT Receipt has been approved"
            },
            "OPTEAD": {
                "status": "approved",
                "message": "Your OPT EAD is in place"
            },
            "I20": {
                "status": "approved",
                "message": "Your I-20 has been verified"
            },
            "I983": {
                "documents": {
                    "emptyTemplate": "i983_empty_template.pdf",
                    "sampleTemplate": "i983_sample_template.pdf"
                },
                "status": "completed",
                "message": "Your I-983 has been approved and filed",
                "uploadButton": "Upload additional documents here"
            }
        },
        "inProgress": "no",
        "nextStep": "No further action required",
        "reference": {
            "name": {
                "first": "RefPerson5",
                "last": "RefSurname5",
                "middle": "E"
            },
            "phone": "555-123-4505",
            "email": "refperson5.refsurname5@example.com",
            "relationship": "Previous supervisor"
        },
        "emergencyContacts": [
            {
                "name": {
                    "first": "EmerPerson5",
                    "last": "EmerSurname5",
                    "middle": "F"
                },
                "phone": "555-987-6505",
                "email": "emerp5.s5@example.com",
                "relationship": "Mother"
            }
        ]
    },
    {
        "name": {
            "first": "Person5",
            "last": "Surname5",
            "middle": "C",
            "preferred": "Ally"
        },
        "profilePicture": "alice_baker.jpg",
        "address": {
            "building": "789",
            "street": "Pine Street",
            "city": "Lakewood",
            "state": "TX",
            "zip": "75984"
        },
        "phoneNumbers": {
            "cell": "555-456-7805",
            "work": "555-654-3205"
        },
        "email": "person3.surname3@example.com",
        "personalInfo": {
            "ssn": "987-65-4305",
            "dob": "1995-05-25",
            "gender": "female"
        },
        "residencyStatus": {
            "isPermanentResidentOrCitizen": true,
            "status": "Citizen"
        },
        "workAuthorization": null,
        "applicationStatus": {
            "OPTReceipt": {
                "status": "approved",
                "message": "Your OPT Receipt has been approved"
            },
            "OPTEAD": {
                "status": "approved",
                "message": "Your OPT EAD is in place"
            },
            "I20": {
                "status": "approved",
                "message": "Your I-20 has been verified"
            },
            "I983": {
                "documents": {
                    "emptyTemplate": "i983_empty_template.pdf",
                    "sampleTemplate": "i983_sample_template.pdf"
                },
                "status": "completed",
                "message": "Your I-983 has been approved and filed",
                "uploadButton": "Upload additional documents here"
            }
        },
        "inProgress": "no",
        "nextStep": "No further action required",
        "reference": {
            "name": {
                "first": "RefPerson5",
                "last": "RefSurname5",
                "middle": "E"
            },
            "phone": "555-123-4505",
            "email": "refperson5.refsurname5@example.com",
            "relationship": "Previous supervisor"
        },
        "emergencyContacts": [
            {
                "name": {
                    "first": "EmerPerson5",
                    "last": "EmerSurname5",
                    "middle": "F"
                },
                "phone": "555-987-6505",
                "email": "emerp5.s5@example.com",
                "relationship": "Mother"
            }
        ]
    },
    {
        "name": {
            "first": "Person5",
            "last": "Surname5",
            "middle": "C",
            "preferred": "Ally"
        },
        "profilePicture": "alice_baker.jpg",
        "address": {
            "building": "789",
            "street": "Pine Street",
            "city": "Lakewood",
            "state": "TX",
            "zip": "75984"
        },
        "phoneNumbers": {
            "cell": "555-456-7805",
            "work": "555-654-3205"
        },
        "email": "person4.surname4@example.com",
        "personalInfo": {
            "ssn": "987-65-4305",
            "dob": "1995-05-25",
            "gender": "female"
        },
        "residencyStatus": {
            "isPermanentResidentOrCitizen": true,
            "status": "Citizen"
        },
        "workAuthorization": null,
        "applicationStatus": {
            "OPTReceipt": {
                "status": "approved",
                "message": "Your OPT Receipt has been approved"
            },
            "OPTEAD": {
                "status": "approved",
                "message": "Your OPT EAD is in place"
            },
            "I20": {
                "status": "approved",
                "message": "Your I-20 has been verified"
            },
            "I983": {
                "documents": {
                    "emptyTemplate": "i983_empty_template.pdf",
                    "sampleTemplate": "i983_sample_template.pdf"
                },
                "status": "completed",
                "message": "Your I-983 has been approved and filed",
                "uploadButton": "Upload additional documents here"
            }
        },
        "inProgress": "no",
        "nextStep": "No further action required",
        "reference": {
            "name": {
                "first": "RefPerson5",
                "last": "RefSurname5",
                "middle": "E"
            },
            "phone": "555-123-4505",
            "email": "refperson5.refsurname5@example.com",
            "relationship": "Previous supervisor"
        },
        "emergencyContacts": [
            {
                "name": {
                    "first": "EmerPerson5",
                    "last": "EmerSurname5",
                    "middle": "F"
                },
                "phone": "555-987-6505",
                "email": "emerp5.s5@example.com",
                "relationship": "Mother"
            }
        ]
    },
    {
        "name": {
            "first": "Person5",
            "last": "Surname5",
            "middle": "C",
            "preferred": "Ally"
        },
        "profilePicture": "alice_baker.jpg",
        "address": {
            "building": "789",
            "street": "Pine Street",
            "city": "Lakewood",
            "state": "TX",
            "zip": "75984"
        },
        "phoneNumbers": {
            "cell": "555-456-7805",
            "work": "555-654-3205"
        },
        "email": "person5.surname5@example.com",
        "personalInfo": {
            "ssn": "987-65-4305",
            "dob": "1995-05-25",
            "gender": "female"
        },
        "residencyStatus": {
            "isPermanentResidentOrCitizen": true,
            "status": "Citizen"
        },
        "workAuthorization": null,
        "applicationStatus": {
            "OPTReceipt": {
                "status": "approved",
                "message": "Your OPT Receipt has been approved"
            },
            "OPTEAD": {
                "status": "approved",
                "message": "Your OPT EAD is in place"
            },
            "I20": {
                "status": "approved",
                "message": "Your I-20 has been verified"
            },
            "I983": {
                "documents": {
                    "emptyTemplate": "i983_empty_template.pdf",
                    "sampleTemplate": "i983_sample_template.pdf"
                },
                "status": "completed",
                "message": "Your I-983 has been approved and filed",
                "uploadButton": "Upload additional documents here"
            }
        },
        "inProgress": "no",
        "nextStep": "No further action required",
        "reference": {
            "name": {
                "first": "RefPerson5",
                "last": "RefSurname5",
                "middle": "E"
            },
            "phone": "555-123-4505",
            "email": "refperson5.refsurname5@example.com",
            "relationship": "Previous supervisor"
        },
        "emergencyContacts": [
            {
                "name": {
                    "first": "EmerPerson5",
                    "last": "EmerSurname5",
                    "middle": "F"
                },
                "phone": "555-987-6505",
                "email": "emerp5.s5@example.com",
                "relationship": "Mother"
            }
        ]
    }
]